Billing Issue,Complaint,Compliment,Product Question,Technical Problem
0.8787878787878788,0.8484848484848485,1.0,0.7272727272727273,0.8484848484848485
