accuracy,f1,precision,recall,average_confidence,num_test_cases
0.8597560975609756,0.859478021978022,0.8607515363514576,0.8597560975609756,0.6650618,164
