overall_accuracy,avg_confidence,test_cases_run
0.23194362889019376,0.2620253562927246,1703
